
Daily commit on Fri May 16 21:48:04 UTC 2025
Daily commit on Sat May 17 08:28:39 UTC 2025
Daily commit on Sun May 18 08:28:30 UTC 2025
Daily commit on Mon May 19 08:34:30 UTC 2025
Daily commit on Tue May 20 08:33:54 UTC 2025
Daily commit on Wed May 21 08:32:55 UTC 2025
Daily commit on Thu May 22 08:32:34 UTC 2025
Daily commit on Fri May 23 08:32:57 UTC 2025
Daily commit on Sat May 24 08:28:15 UTC 2025
Daily commit on Sun May 25 08:29:11 UTC 2025
Daily commit on Tue May 27 08:32:38 UTC 2025
Daily commit on Wed May 28 08:33:12 UTC 2025
Daily commit on Thu May 29 08:32:57 UTC 2025
Daily commit on Fri May 30 08:32:24 UTC 2025
Daily commit on Sat May 31 08:29:32 UTC 2025
Daily commit on Sun Jun  1 08:30:09 UTC 2025
Daily commit on Mon Jun  2 08:34:21 UTC 2025
Daily commit on Tue Jun  3 08:34:43 UTC 2025
Daily commit on Wed Jun  4 08:33:42 UTC 2025
Daily commit on Thu Jun  5 08:32:56 UTC 2025
Daily commit on Fri Jun  6 08:32:17 UTC 2025
Daily commit on Sat Jun  7 08:29:17 UTC 2025
Daily commit on Sun Jun  8 08:29:23 UTC 2025
Daily commit on Mon Jun  9 08:35:01 UTC 2025
Daily commit on Tue Jun 10 08:34:01 UTC 2025
Daily commit on Wed Jun 11 08:33:37 UTC 2025
Daily commit on Thu Jun 12 08:33:20 UTC 2025
Daily commit on Fri Jun 13 08:32:52 UTC 2025
Daily commit on Sat Jun 14 08:29:22 UTC 2025
Daily commit on Sun Jun 15 08:29:32 UTC 2025
Daily commit on Mon Jun 16 08:34:44 UTC 2025
Daily commit on Tue Jun 17 08:33:52 UTC 2025
Daily commit on Wed Jun 18 08:33:30 UTC 2025
Daily commit on Thu Jun 19 08:33:33 UTC 2025
Daily commit on Fri Jun 20 08:33:04 UTC 2025
Daily commit on Sat Jun 21 08:30:01 UTC 2025
Daily commit on Sun Jun 22 08:30:23 UTC 2025
Daily commit on Mon Jun 23 08:34:51 UTC 2025
Daily commit on Tue Jun 24 08:34:28 UTC 2025
Daily commit on Wed Jun 25 08:34:43 UTC 2025
Daily commit on Thu Jun 26 08:34:06 UTC 2025
Daily commit on Fri Jun 27 08:33:41 UTC 2025
Daily commit on Sat Jun 28 08:29:59 UTC 2025
Daily commit on Sun Jun 29 08:30:39 UTC 2025
Daily commit on Mon Jun 30 08:34:38 UTC 2025
Daily commit on Tue Jul  1 08:34:33 UTC 2025
Daily commit on Wed Jul  2 08:34:12 UTC 2025
Daily commit on Thu Jul  3 08:33:26 UTC 2025
Daily commit on Fri Jul  4 08:33:27 UTC 2025
Daily commit on Sat Jul  5 08:30:51 UTC 2025
Daily commit on Sun Jul  6 08:30:13 UTC 2025
Daily commit on Mon Jul  7 08:35:37 UTC 2025
Daily commit on Tue Jul  8 08:34:24 UTC 2025
Daily commit on Wed Jul  9 08:34:34 UTC 2025
Daily commit on Thu Jul 10 08:34:20 UTC 2025
Daily commit on Fri Jul 11 08:34:25 UTC 2025
Daily commit on Sat Jul 12 08:30:39 UTC 2025
Daily commit on Sun Jul 13 08:30:47 UTC 2025
Daily commit on Mon Jul 14 08:37:50 UTC 2025
Daily commit on Tue Jul 15 08:35:36 UTC 2025
Daily commit on Wed Jul 16 08:35:18 UTC 2025
Daily commit on Thu Jul 17 08:35:28 UTC 2025
Daily commit on Fri Jul 18 08:35:15 UTC 2025
Daily commit on Sat Jul 19 08:32:19 UTC 2025
Daily commit on Sun Jul 20 08:31:37 UTC 2025
Daily commit on Mon Jul 21 08:38:42 UTC 2025
Daily commit on Tue Jul 22 08:36:19 UTC 2025
Daily commit on Wed Jul 23 08:36:59 UTC 2025
Daily commit on Thu Jul 24 08:35:59 UTC 2025
Daily commit on Fri Jul 25 08:35:04 UTC 2025
Daily commit on Sat Jul 26 08:32:13 UTC 2025
Daily commit on Sun Jul 27 08:32:00 UTC 2025
Daily commit on Mon Jul 28 08:38:04 UTC 2025
Daily commit on Tue Jul 29 08:36:40 UTC 2025
Daily commit on Wed Jul 30 08:37:15 UTC 2025
Daily commit on Thu Jul 31 08:36:59 UTC 2025
Daily commit on Fri Aug  1 08:36:31 UTC 2025
Daily commit on Sat Aug  2 08:32:21 UTC 2025
Daily commit on Sun Aug  3 08:32:33 UTC 2025
Daily commit on Mon Aug  4 08:38:20 UTC 2025
Daily commit on Tue Aug  5 08:37:38 UTC 2025
Daily commit on Wed Aug  6 08:37:11 UTC 2025
Daily commit on Thu Aug  7 08:37:10 UTC 2025
Daily commit on Fri Aug  8 08:36:53 UTC 2025
Daily commit on Sat Aug  9 08:31:41 UTC 2025
Daily commit on Sun Aug 10 08:31:59 UTC 2025
Daily commit on Mon Aug 11 08:37:23 UTC 2025
Daily commit on Tue Aug 12 08:34:07 UTC 2025
Daily commit on Wed Aug 13 08:34:48 UTC 2025
Daily commit on Thu Aug 14 08:35:15 UTC 2025
Daily commit on Fri Aug 15 08:33:35 UTC 2025
Daily commit on Sat Aug 16 08:30:57 UTC 2025
Daily commit on Sun Aug 17 08:31:53 UTC 2025
Daily commit on Mon Aug 18 08:36:18 UTC 2025
Daily commit on Tue Aug 19 08:32:48 UTC 2025
Daily commit on Wed Aug 20 08:32:40 UTC 2025
Daily commit on Thu Aug 21 08:32:12 UTC 2025
Daily commit on Fri Aug 22 08:32:00 UTC 2025
Daily commit on Sat Aug 23 08:28:36 UTC 2025
Daily commit on Sun Aug 24 08:28:38 UTC 2025
Daily commit on Mon Aug 25 08:34:43 UTC 2025
Daily commit on Tue Aug 26 08:34:00 UTC 2025
Daily commit on Wed Aug 27 08:31:42 UTC 2025
Daily commit on Thu Aug 28 08:31:46 UTC 2025
Daily commit on Fri Aug 29 08:31:26 UTC 2025
Daily commit on Sat Aug 30 08:27:33 UTC 2025
Daily commit on Sun Aug 31 08:27:17 UTC 2025
Daily commit on Mon Sep  1 08:34:14 UTC 2025
Daily commit on Tue Sep  2 08:32:45 UTC 2025
Daily commit on Wed Sep  3 08:30:39 UTC 2025
Daily commit on Thu Sep  4 08:30:46 UTC 2025
Daily commit on Fri Sep  5 08:30:36 UTC 2025
Daily commit on Sat Sep  6 08:26:25 UTC 2025
Daily commit on Sun Sep  7 08:26:22 UTC 2025
Daily commit on Mon Sep  8 08:34:15 UTC 2025
Daily commit on Tue Sep  9 08:32:26 UTC 2025
Daily commit on Wed Sep 10 08:32:02 UTC 2025
Daily commit on Thu Sep 11 08:30:37 UTC 2025
Daily commit on Fri Sep 12 08:30:20 UTC 2025
Daily commit on Sat Sep 13 08:26:46 UTC 2025
Daily commit on Sun Sep 14 08:26:54 UTC 2025
Daily commit on Mon Sep 15 08:31:57 UTC 2025
Daily commit on Tue Sep 16 08:32:11 UTC 2025
Daily commit on Wed Sep 17 08:31:11 UTC 2025
Daily commit on Thu Sep 18 08:30:50 UTC 2025
Daily commit on Fri Sep 19 08:31:01 UTC 2025
Daily commit on Sat Sep 20 08:28:16 UTC 2025
Daily commit on Sun Sep 21 08:26:16 UTC 2025
Daily commit on Mon Sep 22 08:33:10 UTC 2025
Daily commit on Tue Sep 23 08:31:13 UTC 2025
Daily commit on Wed Sep 24 08:32:39 UTC 2025
Daily commit on Thu Sep 25 08:31:40 UTC 2025
Daily commit on Fri Sep 26 08:31:59 UTC 2025
Daily commit on Sat Sep 27 08:27:08 UTC 2025
Daily commit on Sun Sep 28 08:27:20 UTC 2025
Daily commit on Mon Sep 29 08:34:45 UTC 2025
Daily commit on Tue Sep 30 08:33:21 UTC 2025
Daily commit on Wed Oct  1 08:32:18 UTC 2025
Daily commit on Thu Oct  2 08:30:46 UTC 2025
Daily commit on Fri Oct  3 08:30:27 UTC 2025
Daily commit on Sat Oct  4 08:27:26 UTC 2025
Daily commit on Sun Oct  5 08:26:51 UTC 2025
Daily commit on Mon Oct  6 08:32:19 UTC 2025
Daily commit on Tue Oct  7 08:32:02 UTC 2025
Daily commit on Wed Oct  8 08:32:26 UTC 2025
Daily commit on Thu Oct  9 08:32:17 UTC 2025
Daily commit on Fri Oct 10 08:31:45 UTC 2025
Daily commit on Sat Oct 11 08:27:31 UTC 2025
Daily commit on Sun Oct 12 08:27:49 UTC 2025
Daily commit on Mon Oct 13 08:34:56 UTC 2025
Daily commit on Tue Oct 14 08:31:03 UTC 2025
Daily commit on Wed Oct 15 08:34:05 UTC 2025
Daily commit on Thu Oct 16 08:34:08 UTC 2025
Daily commit on Fri Oct 17 08:32:36 UTC 2025
Daily commit on Sat Oct 18 08:29:09 UTC 2025
Daily commit on Sun Oct 19 08:27:38 UTC 2025
Daily commit on Mon Oct 20 08:33:05 UTC 2025
Daily commit on Tue Oct 21 08:34:32 UTC 2025
Daily commit on Wed Oct 22 08:35:15 UTC 2025
Daily commit on Thu Oct 23 08:34:07 UTC 2025
Daily commit on Fri Oct 24 08:32:30 UTC 2025
Daily commit on Sat Oct 25 08:28:25 UTC 2025
Daily commit on Sun Oct 26 08:28:45 UTC 2025
Daily commit on Mon Oct 27 08:34:09 UTC 2025
Daily commit on Tue Oct 28 08:33:56 UTC 2025
Daily commit on Wed Oct 29 08:34:28 UTC 2025
Daily commit on Thu Oct 30 08:32:29 UTC 2025
Daily commit on Fri Oct 31 08:32:21 UTC 2025
Daily commit on Sat Nov  1 08:28:41 UTC 2025
Daily commit on Sun Nov  2 08:27:40 UTC 2025
Daily commit on Mon Nov  3 08:35:04 UTC 2025
Daily commit on Tue Nov  4 08:34:29 UTC 2025
Daily commit on Wed Nov  5 08:34:28 UTC 2025
Daily commit on Thu Nov  6 08:34:02 UTC 2025
Daily commit on Fri Nov  7 08:33:48 UTC 2025
Daily commit on Sat Nov  8 08:29:36 UTC 2025
Daily commit on Sun Nov  9 08:28:03 UTC 2025
Daily commit on Mon Nov 10 08:35:07 UTC 2025
Daily commit on Tue Nov 11 08:33:26 UTC 2025
Daily commit on Wed Nov 12 08:34:36 UTC 2025
Daily commit on Thu Nov 13 08:33:45 UTC 2025
Daily commit on Fri Nov 14 08:33:16 UTC 2025
Daily commit on Sat Nov 15 08:29:31 UTC 2025
Daily commit on Sun Nov 16 08:30:18 UTC 2025
Daily commit on Mon Nov 17 08:36:12 UTC 2025
Daily commit on Tue Nov 18 08:34:22 UTC 2025
Daily commit on Wed Nov 19 08:33:57 UTC 2025
Daily commit on Thu Nov 20 08:34:59 UTC 2025
Daily commit on Fri Nov 21 08:35:06 UTC 2025
Daily commit on Sat Nov 22 08:30:34 UTC 2025
Daily commit on Sun Nov 23 08:30:50 UTC 2025
Daily commit on Mon Nov 24 08:36:37 UTC 2025
Daily commit on Tue Nov 25 08:35:16 UTC 2025
Daily commit on Wed Nov 26 08:34:59 UTC 2025
Daily commit on Thu Nov 27 08:35:07 UTC 2025
Daily commit on Fri Nov 28 08:35:02 UTC 2025
Daily commit on Sat Nov 29 08:32:12 UTC 2025
Daily commit on Sun Nov 30 08:30:27 UTC 2025
Daily commit on Mon Dec  1 08:38:43 UTC 2025
Daily commit on Tue Dec  2 08:37:14 UTC 2025
Daily commit on Wed Dec  3 08:38:23 UTC 2025
Daily commit on Thu Dec  4 08:36:26 UTC 2025
Daily commit on Fri Dec  5 08:35:01 UTC 2025
Daily commit on Sat Dec  6 08:31:46 UTC 2025
Daily commit on Sun Dec  7 08:31:03 UTC 2025
Daily commit on Mon Dec  8 08:38:32 UTC 2025
Daily commit on Tue Dec  9 08:37:46 UTC 2025
Daily commit on Wed Dec 10 08:36:53 UTC 2025
Daily commit on Thu Dec 11 08:37:14 UTC 2025
Daily commit on Fri Dec 12 08:37:31 UTC 2025
Daily commit on Sat Dec 13 08:31:40 UTC 2025
Daily commit on Sun Dec 14 08:32:52 UTC 2025
Daily commit on Mon Dec 15 08:39:58 UTC 2025
Daily commit on Tue Dec 16 08:38:27 UTC 2025
Daily commit on Wed Dec 17 08:37:55 UTC 2025
Daily commit on Thu Dec 18 08:37:07 UTC 2025
Daily commit on Fri Dec 19 08:36:32 UTC 2025
Daily commit on Sat Dec 20 08:32:50 UTC 2025
Daily commit on Sun Dec 21 08:33:24 UTC 2025
Daily commit on Mon Dec 22 08:38:11 UTC 2025
Daily commit on Tue Dec 23 08:37:19 UTC 2025
Daily commit on Wed Dec 24 08:36:55 UTC 2025
Daily commit on Thu Dec 25 08:35:41 UTC 2025
Daily commit on Fri Dec 26 08:35:34 UTC 2025
Daily commit on Sat Dec 27 08:34:01 UTC 2025
Daily commit on Sun Dec 28 08:34:21 UTC 2025
Daily commit on Mon Dec 29 08:39:33 UTC 2025
Daily commit on Tue Dec 30 08:36:46 UTC 2025
Daily commit on Wed Dec 31 08:36:52 UTC 2025
Daily commit on Thu Jan  1 08:36:50 UTC 2026
Daily commit on Fri Jan  2 08:36:40 UTC 2026
Daily commit on Sat Jan  3 08:34:15 UTC 2026
Daily commit on Sun Jan  4 08:35:15 UTC 2026
Daily commit on Mon Jan  5 08:41:42 UTC 2026
Daily commit on Tue Jan  6 08:39:33 UTC 2026
Daily commit on Wed Jan  7 08:38:56 UTC 2026
Daily commit on Thu Jan  8 08:38:56 UTC 2026
Daily commit on Fri Jan  9 08:38:50 UTC 2026
Daily commit on Sat Jan 10 08:33:52 UTC 2026
Daily commit on Sun Jan 11 08:34:11 UTC 2026
Daily commit on Mon Jan 12 08:40:57 UTC 2026
Daily commit on Tue Jan 13 08:38:55 UTC 2026
Daily commit on Wed Jan 14 08:38:52 UTC 2026
Daily commit on Thu Jan 15 08:38:58 UTC 2026
Daily commit on Fri Jan 16 08:37:53 UTC 2026
Daily commit on Sat Jan 17 08:33:48 UTC 2026
Daily commit on Sun Jan 18 08:34:00 UTC 2026
Daily commit on Mon Jan 19 08:41:11 UTC 2026
Daily commit on Tue Jan 20 08:40:55 UTC 2026
Daily commit on Wed Jan 21 08:39:49 UTC 2026
Daily commit on Thu Jan 22 08:41:22 UTC 2026
